url,section,threshold,type,every,label,active
https://seatgeek.com/chicago-cubs-tickets/6-16-2026-chicago-illinois-wrigley-field/mlb/17695207,,40,flip,auto,Cubs 6/16,no
https://seatgeek.com/chicago-cubs-tickets/6-17-2026-chicago-illinois-wrigley-field/mlb/17695210,,40,flip,auto,Cubs 6/17,no
https://seatgeek.com/chicago-cubs-tickets/6-19-2026-chicago-illinois-wrigley-field/mlb/17695213,,40,flip,auto,Cubs 6/19,no
https://seatgeek.com/chicago-cubs-tickets/6-20-2026-chicago-illinois-wrigley-field/mlb/17695215,,40,flip,auto,Cubs 6/20,no
https://seatgeek.com/chicago-cubs-tickets/6-21-2026-chicago-illinois-wrigley-field/mlb/17695216,,40,flip,auto,Cubs 6/21,no
https://seatgeek.com/chicago-cubs-tickets/6-29-2026-chicago-illinois-wrigley-field/mlb/17695217,,40,flip,auto,Cubs 6/29,yes
https://seatgeek.com/chicago-cubs-tickets/6-30-2026-chicago-illinois-wrigley-field/mlb/17695220,,40,flip,auto,Cubs 6/30,yes
https://seatgeek.com/chicago-cubs-tickets/7-1-2026-chicago-illinois-wrigley-field/mlb/17695222,,40,flip,auto,Cubs 7/1,yes
https://seatgeek.com/chicago-cubs-tickets/7-3-2026-chicago-illinois-wrigley-field/mlb/17695225,,40,flip,auto,Cubs 7/3,yes
https://seatgeek.com/chicago-cubs-tickets/7-4-2026-chicago-illinois-wrigley-field/mlb/17695226,,40,flip,auto,Cubs 7/4,yes
https://seatgeek.com/chicago-cubs-tickets/7-5-2026-chicago-illinois-wrigley-field/mlb/17695227,,40,flip,auto,Cubs 7/5,yes
https://seatgeek.com/chicago-cubs-tickets/7-17-2026-chicago-illinois-wrigley-field/mlb/17695228,,40,flip,auto,Cubs 7/17,yes
https://seatgeek.com/chicago-cubs-tickets/7-18-2026-chicago-illinois-wrigley-field/mlb/17695229,,40,flip,auto,Cubs 7/18,yes
https://seatgeek.com/chicago-cubs-tickets/7-19-2026-chicago-illinois-wrigley-field/mlb/17695235,,40,flip,auto,Cubs 7/19,yes
https://seatgeek.com/chicago-cubs-tickets/7-20-2026-chicago-illinois-wrigley-field/mlb/17695237,,40,flip,auto,Cubs 7/20,yes
https://seatgeek.com/chicago-cubs-tickets/7-21-2026-chicago-illinois-wrigley-field/mlb/17695238,,40,flip,auto,Cubs 7/21,yes
https://seatgeek.com/chicago-cubs-tickets/7-22-2026-chicago-illinois-wrigley-field/mlb/17695240,,40,flip,auto,Cubs 7/22,yes
https://seatgeek.com/chicago-cubs-tickets/7-31-2026-chicago-illinois-wrigley-field/mlb/17695241,,40,flip,auto,Cubs 7/31,yes
https://seatgeek.com/chicago-cubs-tickets/8-1-2026-chicago-illinois-wrigley-field/mlb/17695244,,40,flip,auto,Cubs 8/1,yes
https://seatgeek.com/chicago-cubs-tickets/8-2-2026-chicago-illinois-wrigley-field/mlb/17695246,,40,flip,auto,Cubs 8/2,yes
https://seatgeek.com/chicago-cubs-tickets/8-3-2026-chicago-illinois-wrigley-field/mlb/17695249,,40,flip,auto,Cubs 8/3,yes
https://seatgeek.com/chicago-cubs-tickets/8-4-2026-chicago-illinois-wrigley-field/mlb/17695250,,40,flip,auto,Cubs 8/4,yes
https://seatgeek.com/chicago-cubs-tickets/8-5-2026-chicago-illinois-wrigley-field/mlb/17695252,,40,flip,auto,Cubs 8/5,yes
https://seatgeek.com/chicago-cubs-tickets/8-14-2026-chicago-illinois-wrigley-field/mlb/17695255,,40,flip,auto,Cubs 8/14,yes
https://seatgeek.com/chicago-cubs-tickets/8-15-2026-chicago-illinois-wrigley-field/mlb/17695256,,40,flip,auto,Cubs 8/15,yes
https://seatgeek.com/chicago-cubs-tickets/8-16-2026-chicago-illinois-wrigley-field/mlb/17695257,,40,flip,auto,Cubs 8/16,yes
https://seatgeek.com/chicago-cubs-tickets/8-17-2026-chicago-illinois-wrigley-field/mlb/17695261,,40,flip,auto,Cubs 8/17,yes
https://seatgeek.com/chicago-cubs-tickets/8-18-2026-chicago-illinois-wrigley-field/mlb/17695262,,40,flip,auto,Cubs 8/18,yes
https://seatgeek.com/chicago-cubs-tickets/8-19-2026-chicago-illinois-wrigley-field/mlb/17695264,,40,flip,auto,Cubs 8/19,yes
https://seatgeek.com/chicago-cubs-tickets/8-28-2026-chicago-illinois-wrigley-field/mlb/17695267,,40,flip,auto,Cubs 8/28,yes
https://seatgeek.com/chicago-cubs-tickets/8-29-2026-chicago-illinois-wrigley-field/mlb/17695269,,40,flip,auto,Cubs 8/29,yes
https://seatgeek.com/chicago-cubs-tickets/8-30-2026-chicago-illinois-wrigley-field/mlb/17695270,,40,flip,auto,Cubs 8/30,yes
https://seatgeek.com/chicago-cubs-tickets/8-31-2026-chicago-illinois-wrigley-field/mlb/17695271,,40,flip,auto,Cubs 8/31,yes
https://seatgeek.com/chicago-cubs-tickets/9-1-2026-chicago-illinois-wrigley-field/mlb/17695272,,40,flip,auto,Cubs 9/1,yes
https://seatgeek.com/chicago-cubs-tickets/9-2-2026-chicago-illinois-wrigley-field/mlb/17695277,,40,flip,auto,Cubs 9/2,yes
https://seatgeek.com/chicago-cubs-tickets/9-3-2026-chicago-illinois-wrigley-field/mlb/17695278,,40,flip,auto,Cubs 9/3,yes
https://seatgeek.com/chicago-cubs-tickets/9-11-2026-chicago-illinois-wrigley-field/mlb/17695281,,40,flip,auto,Cubs 9/11,yes
https://seatgeek.com/chicago-cubs-tickets/9-12-2026-chicago-illinois-wrigley-field/mlb/17695282,,40,flip,auto,Cubs 9/12,yes
https://seatgeek.com/chicago-cubs-tickets/9-13-2026-chicago-illinois-wrigley-field/mlb/17695285,,40,flip,auto,Cubs 9/13,yes
https://seatgeek.com/chicago-cubs-tickets/9-14-2026-chicago-illinois-wrigley-field/mlb/17695286,,40,flip,auto,Cubs 9/14,yes
https://seatgeek.com/chicago-cubs-tickets/9-15-2026-chicago-illinois-wrigley-field/mlb/17695287,,40,flip,auto,Cubs 9/15,yes
https://seatgeek.com/chicago-cubs-tickets/9-16-2026-chicago-illinois-wrigley-field/mlb/17695290,,40,flip,auto,Cubs 9/16,yes
https://seatgeek.com/chicago-cubs-tickets/9-22-2026-chicago-illinois-wrigley-field/mlb/17695293,,40,flip,auto,Cubs 9/22,yes
https://seatgeek.com/chicago-cubs-tickets/9-23-2026-chicago-illinois-wrigley-field/mlb/17695294,,40,flip,auto,Cubs 9/23,yes
https://seatgeek.com/chicago-cubs-tickets/9-24-2026-chicago-illinois-wrigley-field/mlb/17695297,,40,flip,auto,Cubs 9/24,yes
https://seatgeek.com/morgan-wallen-tickets/chicago-illinois-soldier-field-2026-06-19-5-30-pm/concert/17873130,,40,flip,auto,Morgan Wallen Fri 6/19,yes
https://seatgeek.com/morgan-wallen-tickets/chicago-illinois-soldier-field-2026-06-20-5-30-pm/concert/17873131,,40,flip,auto,Morgan Wallen Sat 6/20,yes
https://seatgeek.com/milwaukee-brewers-tickets/6-27-2026-milwaukee-wisconsin-american-family-field/mlb/17695542,,40,flip,auto,Brewers 6/27,yes
https://seatgeek.com/mlb-home-run-derby-tickets/7-13-2026-philadelphia-pennsylvania-citizens-bank-park/mlb/17877470,,40,flip,auto,HR Derby 7/13,yes
https://seatgeek.com/mlb-all-star-game-tickets/7-14-2026-philadelphia-pennsylvania-citizens-bank-park/mlb/17627244,,40,flip,auto,All-Star 7/14,yes
https://seatgeek.com/seattle-mariners-tickets/8-21-2026-seattle-washington-t-mobile-park/mlb/17691804,,40,flip,auto,Mariners 8/21,yes
https://seatgeek.com/seattle-mariners-tickets/8-22-2026-seattle-washington-t-mobile-park/mlb/17691808,,40,flip,auto,Mariners 8/22,yes
https://www.stubhub.com/chicago-cubs-chicago-tickets-6-16-2026/event/159257875,,40,flip,auto,Cubs 6/16 SH,no
https://www.stubhub.com/chicago-cubs-chicago-tickets-6-17-2026/event/159257876,,40,flip,auto,Cubs 6/17 SH,no
https://www.stubhub.com/chicago-cubs-chicago-tickets-6-19-2026/event/159257877,,40,flip,auto,Cubs 6/19 SH,no
https://www.stubhub.com/chicago-cubs-chicago-tickets-6-20-2026/event/159257878,,40,flip,auto,Cubs 6/20 SH,no
https://www.stubhub.com/chicago-cubs-chicago-tickets-6-21-2026/event/159257879,,40,flip,auto,Cubs 6/21 SH,no
https://www.stubhub.com/chicago-cubs-chicago-tickets-6-29-2026/event/159257880,,40,flip,auto,Cubs 6/29 SH,no
https://www.stubhub.com/chicago-cubs-chicago-tickets-6-30-2026/event/159257881,,40,flip,auto,Cubs 6/30 SH,no
https://www.stubhub.com/chicago-cubs-chicago-tickets-7-1-2026/event/159257882,,40,flip,auto,Cubs 7/1 SH,no
https://www.stubhub.com/chicago-cubs-chicago-tickets-7-3-2026/event/159257883,,40,flip,auto,Cubs 7/3 SH,no
https://www.stubhub.com/chicago-cubs-chicago-tickets-7-4-2026/event/159257884,,40,flip,auto,Cubs 7/4 SH,no
https://www.stubhub.com/chicago-cubs-chicago-tickets-7-5-2026/event/159257885,,40,flip,auto,Cubs 7/5 SH,no
https://www.stubhub.com/chicago-cubs-chicago-tickets-7-17-2026/event/159257886,,40,flip,auto,Cubs 7/17 SH,no
https://www.stubhub.com/chicago-cubs-chicago-tickets-7-18-2026/event/159257887,,40,flip,auto,Cubs 7/18 SH,no
https://www.stubhub.com/chicago-cubs-chicago-tickets-7-19-2026/event/159257888,,40,flip,auto,Cubs 7/19 SH,no
https://www.stubhub.com/chicago-cubs-chicago-tickets-7-20-2026/event/159257889,,40,flip,auto,Cubs 7/20 SH,no
https://www.stubhub.com/chicago-cubs-chicago-tickets-7-21-2026/event/159257890,,40,flip,auto,Cubs 7/21 SH,no
https://www.stubhub.com/chicago-cubs-chicago-tickets-7-22-2026/event/159257891,,40,flip,auto,Cubs 7/22 SH,no
https://www.stubhub.com/chicago-cubs-chicago-tickets-7-31-2026/event/159257892,,40,flip,auto,Cubs 7/31 SH,no
https://www.stubhub.com/chicago-cubs-chicago-tickets-8-1-2026/event/159257893,,40,flip,auto,Cubs 8/1 SH,no
https://www.stubhub.com/chicago-cubs-chicago-tickets-8-2-2026/event/159257894,,40,flip,auto,Cubs 8/2 SH,no
https://www.stubhub.com/chicago-cubs-chicago-tickets-8-3-2026/event/159257895,,40,flip,auto,Cubs 8/3 SH,no
https://www.stubhub.com/chicago-cubs-chicago-tickets-8-4-2026/event/159257896,,40,flip,auto,Cubs 8/4 SH,no
https://www.stubhub.com/chicago-cubs-chicago-tickets-8-5-2026/event/159257897,,40,flip,auto,Cubs 8/5 SH,no
https://www.stubhub.com/chicago-cubs-chicago-tickets-8-14-2026/event/159257898,,40,flip,auto,Cubs 8/14 SH,no
https://www.stubhub.com/chicago-cubs-chicago-tickets-8-15-2026/event/159257899,,40,flip,auto,Cubs 8/15 SH,no
https://www.stubhub.com/chicago-cubs-chicago-tickets-8-16-2026/event/159257900,,40,flip,auto,Cubs 8/16 SH,no
https://www.stubhub.com/chicago-cubs-chicago-tickets-8-17-2026/event/159257901,,40,flip,auto,Cubs 8/17 SH,no
https://www.stubhub.com/chicago-cubs-chicago-tickets-8-18-2026/event/159257902,,40,flip,auto,Cubs 8/18 SH,no
https://www.stubhub.com/chicago-cubs-chicago-tickets-8-19-2026/event/159257903,,40,flip,auto,Cubs 8/19 SH,no
https://www.stubhub.com/chicago-cubs-chicago-tickets-8-28-2026/event/159257904,,40,flip,auto,Cubs 8/28 SH,no
https://www.stubhub.com/chicago-cubs-chicago-tickets-8-29-2026/event/159257905,,40,flip,auto,Cubs 8/29 SH,no
https://www.stubhub.com/chicago-cubs-chicago-tickets-8-30-2026/event/159257906,,40,flip,auto,Cubs 8/30 SH,no
https://www.stubhub.com/chicago-cubs-chicago-tickets-8-31-2026/event/159257907,,40,flip,auto,Cubs 8/31 SH,no
https://www.stubhub.com/chicago-cubs-chicago-tickets-9-1-2026/event/159257908,,40,flip,auto,Cubs 9/1 SH,no
https://www.stubhub.com/chicago-cubs-chicago-tickets-9-2-2026/event/159257909,,40,flip,auto,Cubs 9/2 SH,no
https://www.stubhub.com/chicago-cubs-chicago-tickets-9-3-2026/event/159257910,,40,flip,auto,Cubs 9/3 SH,no
https://www.stubhub.com/chicago-cubs-chicago-tickets-9-11-2026/event/159257911,,40,flip,auto,Cubs 9/11 SH,no
https://www.stubhub.com/chicago-cubs-chicago-tickets-9-12-2026/event/159257912,,40,flip,auto,Cubs 9/12 SH,no
https://www.stubhub.com/chicago-cubs-chicago-tickets-9-13-2026/event/159257913,,40,flip,auto,Cubs 9/13 SH,no
https://www.stubhub.com/chicago-cubs-chicago-tickets-9-14-2026/event/159257914,,40,flip,auto,Cubs 9/14 SH,no
https://www.stubhub.com/chicago-cubs-chicago-tickets-9-15-2026/event/159257915,,40,flip,auto,Cubs 9/15 SH,no
https://www.stubhub.com/chicago-cubs-chicago-tickets-9-16-2026/event/159257916,,40,flip,auto,Cubs 9/16 SH,no
https://www.stubhub.com/chicago-cubs-chicago-tickets-9-22-2026/event/159257917,,40,flip,auto,Cubs 9/22 SH,no
https://www.stubhub.com/chicago-cubs-chicago-tickets-9-23-2026/event/159257918,,40,flip,auto,Cubs 9/23 SH,no
https://www.stubhub.com/chicago-cubs-chicago-tickets-9-24-2026/event/159257919,,40,flip,auto,Cubs 9/24 SH,no
https://www.stubhub.com/morgan-wallen-chicago-tickets-6-19-2026/event/159757232,,40,flip,auto,Morgan Wallen Fri 6/19 SH,no
https://www.stubhub.com/morgan-wallen-chicago-tickets-6-20-2026/event/159756993,,40,flip,auto,Morgan Wallen Sat 6/20 SH,no
https://www.stubhub.com/milwaukee-brewers-milwaukee-tickets-6-27-2026/event/159263142,,40,flip,auto,Brewers 6/27 SH,no
https://www.stubhub.com/mlb-home-run-derby-philadelphia-tickets-7-13-2026/event/159465527,,40,flip,auto,HR Derby 7/13 SH,no
https://www.stubhub.com/mlb-all-star-game-philadelphia-tickets-7-14-2026/event/158989183,,40,flip,auto,All-Star 7/14 SH,no
https://www.stubhub.com/seattle-mariners-seattle-tickets-8-21-2026/event/159262890,,40,flip,auto,Mariners 8/21 SH,no
https://www.stubhub.com/seattle-mariners-seattle-tickets-8-22-2026/event/159262891,,40,flip,auto,Mariners 8/22 SH,no
https://seatgeek.com/joji-tickets/chicago-illinois-united-center-2026-06-23-6-30-pm/concert/18093620,,40,flip,auto,Joji with Nate Sib and C 6/23,yes
https://seatgeek.com/lionel-richie-tickets/chicago-illinois-united-center-2026-06-26-7-30-pm/concert/18032275,,40,flip,auto,Lionel Richie with Earth 6/26,yes
https://seatgeek.com/weird-al-yankovic-tickets/chicago-illinois-united-center-2026-06-27-8-pm/concert/17913920,,40,flip,auto,Weird Al Yankovic with P 6/27,yes
https://seatgeek.com/alex-warren-tickets/chicago-illinois-united-center-2026-06-29-7-30-pm/concert/17906993,,40,flip,auto,Alex Warren 6/29,yes
https://seatgeek.com/rush-tickets/chicago-illinois-united-center-2026-07-16-7-30-pm/concert/17802477,,40,flip,auto,Rush 7/16,yes
https://seatgeek.com/rush-tickets/chicago-illinois-united-center-2026-07-17-7-30-pm/concert/18022647,,40,flip,auto,Rush 7/17,yes
https://seatgeek.com/rush-tickets/chicago-illinois-united-center-2026-07-18-7-30-pm/concert/17802478,,40,flip,auto,Rush 7/18,yes
https://seatgeek.com/rush-tickets/chicago-illinois-united-center-2026-07-20-7-30-pm/concert/17807550,,40,flip,auto,Rush 7/20,yes
https://seatgeek.com/rush-tickets/chicago-illinois-united-center-2026-07-22-7-30-pm/concert/17807549,,40,flip,auto,Rush 7/22,yes
https://seatgeek.com/wnba-all-star-game-tickets/wnba/2026-07-25-7-30-pm/17840169,,40,flip,auto,WNBA All-Star Game 7/25,yes
https://seatgeek.com/daniel-caesar-tickets/chicago-illinois-united-center-2026-07-26-7-30-pm/concert/18157351,,40,flip,auto,Daniel Caesar with Faye  7/26,yes
https://seatgeek.com/ariana-grande-tickets/chicago-illinois-united-center-2026-08-03-8-pm/concert/17700811,,40,flip,auto,Ariana Grande 8/3,yes
https://seatgeek.com/ariana-grande-tickets/chicago-illinois-united-center-2026-08-05-8-pm/concert/17700813,,40,flip,auto,Ariana Grande 8/5,yes
https://seatgeek.com/ariana-grande-tickets/chicago-illinois-united-center-2026-08-06-8-pm/concert/17724381,,40,flip,auto,Ariana Grande 8/6,yes
https://seatgeek.com/j-cole-tickets/chicago-illinois-united-center-2026-08-11-8-pm/concert/18075457,,40,flip,auto,J. Cole 8/11,yes
https://seatgeek.com/j-cole-tickets/chicago-illinois-united-center-2026-08-12-8-pm/concert/18077371,,40,flip,auto,J. Cole 8/12,yes
https://seatgeek.com/kacey-musgraves-tickets/chicago-illinois-united-center-2026-08-20-7-30-pm/concert/18227114,,40,flip,auto,Kacey Musgraves with Mid 8/20,yes
https://seatgeek.com/kacey-musgraves-tickets/chicago-illinois-united-center-2026-08-21-7-30-pm/concert/18210141,,40,flip,auto,Kacey Musgraves with Mid 8/21,yes
https://seatgeek.com/omar-courtz-tickets/chicago-illinois-united-center-2026-09-05-8-pm/concert/18228658,,40,flip,auto,Omar Courtz 9/5,yes
https://seatgeek.com/jungle-tickets/chicago-illinois-united-center-2026-09-10-8-pm/concert/18140882,,40,flip,auto,Jungle with Rio Kosta 9/10,yes
https://seatgeek.com/eric-clapton-tickets/chicago-illinois-united-center-2026-09-11-7-30-pm/concert/18100288,,40,flip,auto,Eric Clapton with Jimmie 9/11,yes
https://seatgeek.com/robyn-tickets/chicago-illinois-united-center-2026-09-12-7-30-pm/concert/18057020,,40,flip,auto,Robyn with Peaches 9/12,yes
https://seatgeek.com/lily-allen-tickets/chicago-illinois-united-center-2026-09-13-8-pm/concert/18147469,,40,flip,auto,Lily Allen 9/13,yes
https://seatgeek.com/phoebe-bridgers-tickets/chicago-illinois-united-center-2026-09-18-7-30-pm/concert/18294629,,40,flip,auto,Phoebe Bridgers with Ale 9/18,yes
https://seatgeek.com/phoebe-bridgers-tickets/chicago-illinois-united-center-2026-09-19-7-30-pm/concert/18288400,,40,flip,auto,Phoebe Bridgers with Ale 9/19,yes
https://seatgeek.com/weezer-tickets/chicago-illinois-united-center-2026-09-22-7-pm/concert/18147504,,40,flip,auto,Weezer with The Shins an 9/22,yes
https://seatgeek.com/mac-ayres-tickets/chicago-illinois-united-center-2026-09-25-7-pm/concert/18185129,,40,flip,auto,Teddy Swims with Freak F 9/25,yes
https://seatgeek.com/johnny-blue-skies-tickets/chicago-illinois-united-center-2026-09-29-8-pm/concert/18157765,,40,flip,auto,Johnny Blue Skies and Th 9/29,yes
https://seatgeek.com/le-sserafim-tickets/chicago-illinois-united-center-2026-10-02-7-30-pm/concert/18237221,,40,flip,auto,LE SSERAFIM 10/2,yes
https://seatgeek.com/doja-cat-tickets/chicago-illinois-united-center-2026-10-03-7-30-pm/concert/17769302,,40,flip,auto,Doja Cat 10/3,yes
https://seatgeek.com/journey-tickets/chicago-illinois-united-center-2026-10-05-7-30-pm/concert/18237096,,40,flip,auto,Journey 10/5,yes
https://seatgeek.com/gorillaz-tickets/chicago-illinois-united-center-2026-10-08-7-30-pm/concert/18102837,,40,flip,auto,Gorillaz with Little Sim 10/8,yes
https://seatgeek.com/olivia-rodrigo-tickets/chicago-illinois-united-center-2026-10-11-7-pm/concert/18211679,,40,flip,auto,Olivia Rodrigo with Wolf 10/11,yes
https://seatgeek.com/olivia-rodrigo-tickets/chicago-illinois-united-center-2026-10-12-7-pm/concert/18211680,,40,flip,auto,Olivia Rodrigo with Wolf 10/12,yes
https://seatgeek.com/the-smashing-pumpkins-tickets/chicago-illinois-united-center-2026-10-14-8-pm/concert/18250146,,40,flip,auto,The Smashing Pumpkins 10/14,yes
https://seatgeek.com/disney-descendants-zombies-tickets/family/2026-10-19-7-pm/18130503,,40,flip,auto,Disney Descendants  ZOMB 10/19,yes
https://seatgeek.com/rod-wave-tickets/chicago-illinois-united-center-2026-10-31-8-30-pm/concert/18320063,,40,flip,auto,Rod Wave with FRIDAYY 10/31,yes
https://seatgeek.com/sombr-tickets/chicago-illinois-united-center-2026-11-04-7-pm/concert/18175594,,40,flip,auto,sombr with The Last Dinn 11/4,yes
https://seatgeek.com/katseye-tickets/chicago-illinois-united-center-2026-11-05-8-pm/concert/18240147,,40,flip,auto,KATSEYE 11/5,yes
https://seatgeek.com/xg-tickets/chicago-illinois-united-center-2026-11-09-8-pm/concert/18259430,,40,flip,auto,XG 11/9,yes
https://seatgeek.com/champions-classic-tickets/ncaa-basketball/2026-11-10-6-pm/18012271,,40,flip,auto,Champions Classic: Michi 11/10,yes
https://seatgeek.com/the-neighbourhood-tickets/chicago-illinois-united-center-2026-11-18-7-30-pm/concert/18140881,,40,flip,auto,The Neighbourhood: THE W 11/18,yes
https://seatgeek.com/john-summit-tickets/chicago-illinois-united-center-2026-11-24-7-pm/concert/18257260,,40,flip,auto,John Summit 11/24,yes
https://seatgeek.com/john-summit-tickets/chicago-illinois-united-center-2026-11-25-7-pm/concert/18257264,,40,flip,auto,John Summit 11/25,yes
https://seatgeek.com/matt-rife-tickets/comedy/2027-01-07-8-pm/17895286,,40,flip,auto,Matt Rife (Rescheduled f 1/7,yes
https://seatgeek.com/gracie-abrams-tickets/chicago-illinois-united-center-2027-02-11-8-pm/concert/18270541,,40,flip,auto,Gracie Abrams with Charl 2/11,yes
https://seatgeek.com/gracie-abrams-tickets/chicago-illinois-united-center-2027-02-12-8-pm/concert/18270544,,40,flip,auto,Gracie Abrams with Charl 2/12,yes
https://seatgeek.com/niall-horan-tickets/chicago-illinois-united-center-2027-03-23-7-30-pm/concert/18235524,,40,flip,auto,Niall Horan 3/23,yes
https://seatgeek.com/chicago-bears-tickets/9-20-2026-chicago-illinois-soldier-field/nfl/18016520,,40,flip,6h,Bears Vikings 9/20,yes
https://seatgeek.com/chicago-bears-tickets/9-28-2026-chicago-illinois-soldier-field/nfl/18016530,,40,flip,6h,Bears Eagles 9/28,yes
https://seatgeek.com/chicago-bears-tickets/10-4-2026-chicago-illinois-soldier-field/nfl/18016528,,40,flip,6h,Bears Jets 10/4,yes
https://seatgeek.com/chicago-bears-tickets/10-22-2026-chicago-illinois-soldier-field/nfl/18016524,,40,flip,6h,Bears Patriots 10/22,yes
https://seatgeek.com/chicago-bears-tickets/11-8-2026-chicago-illinois-soldier-field/nfl/18016532,,40,flip,6h,Bears Buccaneers 11/8,yes
https://seatgeek.com/chicago-bears-tickets/11-22-2026-chicago-illinois-soldier-field/nfl/18016526,,40,flip,6h,Bears Saints 11/22,yes
https://seatgeek.com/chicago-bears-tickets/12-6-2026-chicago-illinois-soldier-field/nfl/18016522,,40,flip,6h,Bears Jaguars 12/6,yes
https://seatgeek.com/chicago-bears-tickets/12-25-2026-chicago-illinois-soldier-field/nfl/18016518,,40,flip,6h,Bears Packers 12/25,yes
https://seatgeek.com/chicago-bears-tickets/1-3-2027-chicago-illinois-soldier-field/nfl/18016516,,40,flip,6h,Bears Lions 1/3,yes
https://seatgeek.com/green-bay-packers-tickets/9-24-2026-green-bay-wisconsin-lambeau-field/nfl/18016552,,40,flip,6h,Packers Falcons 9/24,yes
https://seatgeek.com/green-bay-packers-tickets/10-11-2026-green-bay-wisconsin-lambeau-field/nfl/18016536,,40,flip,6h,Packers Bears 10/11,yes
https://seatgeek.com/green-bay-packers-tickets/10-18-2026-green-bay-wisconsin-lambeau-field/nfl/18016566,,40,flip,6h,Packers Cowboys 10/18,yes
https://seatgeek.com/green-bay-packers-tickets/10-29-2026-green-bay-wisconsin-lambeau-field/nfl/18016564,,40,flip,6h,Packers Panthers 10/29,yes
https://seatgeek.com/green-bay-packers-tickets/11-15-2026-green-bay-wisconsin-lambeau-field/nfl/18016540,,40,flip,6h,Packers Vikings 11/15,yes
https://seatgeek.com/green-bay-packers-tickets/12-13-2026-green-bay-wisconsin-lambeau-field/nfl/18016562,,40,flip,6h,Packers Bills 12/13,yes
https://seatgeek.com/green-bay-packers-tickets/12-20-2026-green-bay-wisconsin-lambeau-field/nfl/18016570,,40,flip,6h,Packers Dolphins 12/20,yes
https://seatgeek.com/green-bay-packers-tickets/1-4-2027-green-bay-wisconsin-lambeau-field/nfl/18016568,,40,flip,6h,Packers Texans 1/4,yes
https://seatgeek.com/green-bay-packers-tickets/1-10-2027-green-bay-wisconsin-lambeau-field/nfl/18016538,,40,flip,6h,Packers Lions 1/10,yes
https://seatgeek.com/philadelphia-eagles-tickets/9-13-2026-philadelphia-pennsylvania-lincoln-financial-field/nfl/18016480,,40,flip,6h,Eagles Commanders 9/13,yes
https://seatgeek.com/philadelphia-eagles-tickets/10-4-2026-philadelphia-pennsylvania-lincoln-financial-field/nfl/18016488,,40,flip,6h,Eagles Rams 10/4,yes
https://seatgeek.com/philadelphia-eagles-tickets/10-18-2026-philadelphia-pennsylvania-lincoln-financial-field/nfl/18016482,,40,flip,6h,Eagles Panthers 10/18,yes
https://seatgeek.com/philadelphia-eagles-tickets/10-26-2026-philadelphia-pennsylvania-lincoln-financial-field/nfl/18016476,,40,flip,6h,Eagles Cowboys 10/26,yes
https://seatgeek.com/philadelphia-eagles-tickets/11-8-2026-philadelphia-pennsylvania-lincoln-financial-field/nfl/18016478,,40,flip,6h,Eagles Giants 11/8,yes
https://seatgeek.com/philadelphia-eagles-tickets/11-22-2026-philadelphia-pennsylvania-lincoln-financial-field/nfl/18016490,,40,flip,6h,Eagles Steelers 11/22,yes
https://seatgeek.com/philadelphia-eagles-tickets/12-13-2026-philadelphia-pennsylvania-lincoln-financial-field/nfl/18016486,,40,flip,6h,Eagles Colts 12/13,yes
https://seatgeek.com/philadelphia-eagles-tickets/12-19-2026-philadelphia-pennsylvania-lincoln-financial-field/nfl/18016492,,40,flip,6h,Eagles Seahawks 12/19,yes
https://seatgeek.com/philadelphia-eagles-tickets/12-24-2026-philadelphia-pennsylvania-lincoln-financial-field/nfl/18016484,,40,flip,6h,Eagles Texans 12/24,yes
https://seatgeek.com/buffalo-bills-tickets/9-17-2026-orchard-park-new-york-highmark-stadium-ny/nfl/18013990,,40,flip,6h,Bills Lions 9/17,yes
https://seatgeek.com/buffalo-bills-tickets/9-27-2026-orchard-park-new-york-highmark-stadium-ny/nfl/18013994,,40,flip,6h,Bills Chargers 9/27,yes
https://seatgeek.com/buffalo-bills-tickets/10-4-2026-orchard-park-new-york-highmark-stadium-ny/nfl/18013982,,40,flip,6h,Bills Patriots 10/4,yes
https://seatgeek.com/buffalo-bills-tickets/11-1-2026-orchard-park-new-york-highmark-stadium-ny/nfl/18013986,,40,flip,6h,Bills Ravens 11/1,yes
https://seatgeek.com/buffalo-bills-tickets/11-22-2026-orchard-park-new-york-highmark-stadium-ny/nfl/18013980,,40,flip,6h,Bills Dolphins 11/22,yes
https://seatgeek.com/buffalo-bills-tickets/11-26-2026-orchard-park-new-york-highmark-stadium-ny/nfl/18013992,,40,flip,6h,Bills Chiefs 11/26,yes
https://seatgeek.com/buffalo-bills-tickets/12-19-2026-orchard-park-new-york-highmark-stadium-ny/nfl/18013988,,40,flip,6h,Bills Bears 12/19,yes
https://seatgeek.com/buffalo-bills-tickets/1-10-2027-orchard-park-new-york-highmark-stadium-ny/nfl/18013984,,40,flip,6h,Bills Jets 1/10,yes
https://seatgeek.com/san-francisco-49ers-tickets/9-20-2026-santa-clara-california-levi-s-stadium/nfl/18016773,,40,flip,6h,49ers Dolphins 9/20,yes
https://seatgeek.com/san-francisco-49ers-tickets/9-27-2026-santa-clara-california-levi-s-stadium/nfl/18016763,,40,flip,6h,49ers Cardinals 9/27,yes
https://seatgeek.com/san-francisco-49ers-tickets/10-4-2026-santa-clara-california-levi-s-stadium/nfl/18016769,,40,flip,6h,49ers Broncos 10/4,yes
https://seatgeek.com/san-francisco-49ers-tickets/10-19-2026-santa-clara-california-levi-s-stadium/nfl/18016779,,40,flip,6h,49ers Commanders 10/19,yes
https://seatgeek.com/san-francisco-49ers-tickets/11-8-2026-santa-clara-california-levi-s-stadium/nfl/18016771,,40,flip,6h,49ers Raiders 11/8,yes
https://seatgeek.com/san-francisco-49ers-tickets/11-29-2026-santa-clara-california-levi-s-stadium/nfl/18016767,,40,flip,6h,49ers Seahawks 11/29,yes
https://seatgeek.com/san-francisco-49ers-tickets/12-13-2026-santa-clara-california-levi-s-stadium/nfl/18016765,,40,flip,6h,49ers Rams 12/13,yes
https://seatgeek.com/san-francisco-49ers-tickets/1-3-2027-santa-clara-california-levi-s-stadium/nfl/18016777,,40,flip,6h,49ers Eagles 1/3,yes
https://seatgeek.com/las-vegas-raiders-tickets/9-13-2026-las-vegas-nevada-allegiant-stadium/nfl/18014302,,40,flip,6h,Raiders Dolphins 9/13,yes
https://seatgeek.com/las-vegas-raiders-tickets/10-4-2026-las-vegas-nevada-allegiant-stadium/nfl/18014294,,40,flip,6h,Raiders Chiefs 10/4,yes
https://seatgeek.com/las-vegas-raiders-tickets/10-18-2026-las-vegas-nevada-allegiant-stadium/nfl/18014298,,40,flip,6h,Raiders Bills 10/18,yes
https://seatgeek.com/las-vegas-raiders-tickets/10-25-2026-las-vegas-nevada-allegiant-stadium/nfl/18014300,,40,flip,6h,Raiders Rams 10/25,yes
https://seatgeek.com/las-vegas-raiders-tickets/11-15-2026-las-vegas-nevada-allegiant-stadium/nfl/18014304,,40,flip,6h,Raiders Seahawks 11/15,yes
https://seatgeek.com/las-vegas-raiders-tickets/12-13-2026-las-vegas-nevada-allegiant-stadium/nfl/18014296,,40,flip,6h,Raiders Chargers 12/13,yes
https://seatgeek.com/las-vegas-raiders-tickets/12-20-2026-las-vegas-nevada-allegiant-stadium/nfl/18014292,,40,flip,6h,Raiders Broncos 12/20,yes
https://seatgeek.com/las-vegas-raiders-tickets/12-27-2026-las-vegas-nevada-allegiant-stadium/nfl/18014306,,40,flip,6h,Raiders Titans 12/27,yes
https://seatgeek.com/dallas-cowboys-tickets/9-20-2026-arlington-texas-at-t-stadium/nfl/18116891,,40,flip,6h,Cowboys Commanders 9/20,yes
https://seatgeek.com/dallas-cowboys-tickets/10-8-2026-arlington-texas-at-t-stadium/nfl/18116897,,40,flip,6h,Cowboys Buccaneers 10/8,yes
https://seatgeek.com/dallas-cowboys-tickets/11-1-2026-arlington-texas-at-t-stadium/nfl/18116893,,40,flip,6h,Cowboys Cardinals 11/1,yes
https://seatgeek.com/dallas-cowboys-tickets/11-15-2026-arlington-texas-at-t-stadium/nfl/18116896,,40,flip,6h,Cowboys 49ers 11/15,yes
https://seatgeek.com/dallas-cowboys-tickets/11-22-2026-arlington-texas-at-t-stadium/nfl/18116899,,40,flip,6h,Cowboys Titans 11/22,yes
https://seatgeek.com/dallas-cowboys-tickets/11-26-2026-arlington-texas-at-t-stadium/nfl/18114009,,40,flip,6h,Cowboys Eagles 11/26,yes
https://seatgeek.com/dallas-cowboys-tickets/12-27-2026-arlington-texas-at-t-stadium/nfl/18116898,,40,flip,6h,Cowboys Jaguars 12/27,yes
https://seatgeek.com/dallas-cowboys-tickets/1-3-2027-arlington-texas-at-t-stadium/nfl/18116892,,40,flip,6h,Cowboys Giants 1/3,yes
https://seatgeek.com/pittsburgh-steelers-tickets/9-13-2026-pittsburgh-pennsylvania-acrisure-stadium/nfl/18014046,,40,flip,6h,Steelers Falcons 9/13,yes
https://seatgeek.com/pittsburgh-steelers-tickets/9-27-2026-pittsburgh-pennsylvania-acrisure-stadium/nfl/18014042,,40,flip,6h,Steelers Bengals 9/27,yes
https://seatgeek.com/pittsburgh-steelers-tickets/10-11-2026-pittsburgh-pennsylvania-acrisure-stadium/nfl/18014054,,40,flip,6h,Steelers Colts 10/11,yes
https://seatgeek.com/pittsburgh-steelers-tickets/11-1-2026-pittsburgh-pennsylvania-acrisure-stadium/nfl/18014044,,40,flip,6h,Steelers Browns 11/1,yes
https://seatgeek.com/pittsburgh-steelers-tickets/11-27-2026-pittsburgh-pennsylvania-acrisure-stadium/nfl/18014050,,40,flip,6h,Steelers Broncos 11/27,yes
https://seatgeek.com/pittsburgh-steelers-tickets/12-6-2026-pittsburgh-pennsylvania-acrisure-stadium/nfl/18014052,,40,flip,6h,Steelers Texans 12/6,yes
https://seatgeek.com/pittsburgh-steelers-tickets/12-20-2026-pittsburgh-pennsylvania-acrisure-stadium/nfl/18014040,,40,flip,6h,Steelers Ravens 12/20,yes
https://seatgeek.com/pittsburgh-steelers-tickets/12-27-2026-pittsburgh-pennsylvania-acrisure-stadium/nfl/18014048,,40,flip,6h,Steelers Panthers 12/27,yes
https://seatgeek.com/baltimore-ravens-tickets/7-10-2026-baltimore-maryland-m-t-bank-stadium/nfl/18318468,,40,flip,6h,Ravens Talon 7/10,yes
https://seatgeek.com/baltimore-ravens-tickets/9-20-2026-baltimore-maryland-m-t-bank-stadium/nfl/18165449,,40,flip,6h,Ravens Saints 9/20,yes
https://seatgeek.com/baltimore-ravens-tickets/10-4-2026-baltimore-maryland-m-t-bank-stadium/nfl/18165431,,40,flip,6h,Ravens Titans 10/4,yes
https://seatgeek.com/baltimore-ravens-tickets/10-25-2026-baltimore-maryland-m-t-bank-stadium/nfl/18165417,,40,flip,6h,Ravens Bengals 10/25,yes
https://seatgeek.com/baltimore-ravens-tickets/11-5-2026-baltimore-maryland-m-t-bank-stadium/nfl/18165426,,40,flip,6h,Ravens Jaguars 11/5,yes
https://seatgeek.com/baltimore-ravens-tickets/11-16-2026-baltimore-maryland-m-t-bank-stadium/nfl/18165457,,40,flip,6h,Ravens Chargers 11/16,yes
https://seatgeek.com/baltimore-ravens-tickets/12-13-2026-baltimore-maryland-m-t-bank-stadium/nfl/18165452,,40,flip,6h,Ravens Buccaneers 12/13,yes
https://seatgeek.com/baltimore-ravens-tickets/12-27-2026-baltimore-maryland-m-t-bank-stadium/nfl/18165418,,40,flip,6h,Ravens Browns 12/27,yes
https://seatgeek.com/baltimore-ravens-tickets/1-9-2027-baltimore-maryland-m-t-bank-stadium/nfl/18165421,,40,flip,6h,Ravens Steelers 1/9,yes
https://seatgeek.com/minnesota-vikings-tickets/9-13-2026-minneapolis-minnesota-u-s-bank-stadium/nfl/18016581,,40,flip,6h,Vikings Packers 9/13,yes
https://seatgeek.com/minnesota-vikings-tickets/10-4-2026-minneapolis-minnesota-u-s-bank-stadium/nfl/18016591,,40,flip,6h,Vikings Dolphins 10/4,yes
https://seatgeek.com/minnesota-vikings-tickets/10-25-2026-minneapolis-minnesota-u-s-bank-stadium/nfl/18016589,,40,flip,6h,Vikings Colts 10/25,yes
https://seatgeek.com/minnesota-vikings-tickets/11-9-2026-minneapolis-minnesota-u-s-bank-stadium/nfl/18016585,,40,flip,6h,Vikings Bills 11/9,yes
https://seatgeek.com/minnesota-vikings-tickets/11-29-2026-minneapolis-minnesota-u-s-bank-stadium/nfl/18016583,,40,flip,6h,Vikings Falcons 11/29,yes
https://seatgeek.com/minnesota-vikings-tickets/12-6-2026-minneapolis-minnesota-u-s-bank-stadium/nfl/18016587,,40,flip,6h,Vikings Panthers 12/6,yes
https://seatgeek.com/minnesota-vikings-tickets/12-20-2026-minneapolis-minnesota-u-s-bank-stadium/nfl/18016579,,40,flip,6h,Vikings Lions 12/20,yes
https://seatgeek.com/minnesota-vikings-tickets/12-27-2026-minneapolis-minnesota-u-s-bank-stadium/nfl/18016593,,40,flip,6h,Vikings Commanders 12/27,yes
https://seatgeek.com/minnesota-vikings-tickets/1-10-2027-minneapolis-minnesota-u-s-bank-stadium/nfl/18016577,,40,flip,6h,Vikings Bears 1/10,yes
https://seatgeek.com/seattle-seahawks-tickets/9-9-2026-seattle-washington-lumen-field/nfl/18016691,,40,flip,6h,Seahawks Patriots 9/9,yes
https://seatgeek.com/seattle-seahawks-tickets/10-4-2026-seattle-washington-lumen-field/nfl/18016689,,40,flip,6h,Seahawks Chargers 10/4,yes
https://seatgeek.com/seattle-seahawks-tickets/10-11-2026-seattle-washington-lumen-field/nfl/18016681,,40,flip,6h,Seahawks 49ers 10/11,yes
https://seatgeek.com/seattle-seahawks-tickets/10-25-2026-seattle-washington-lumen-field/nfl/18016687,,40,flip,6h,Seahawks Chiefs 10/25,yes
https://seatgeek.com/seattle-seahawks-tickets/11-2-2026-seattle-washington-lumen-field/nfl/18016683,,40,flip,6h,Seahawks Bears 11/2,yes
https://seatgeek.com/seattle-seahawks-tickets/11-8-2026-seattle-washington-lumen-field/nfl/18016677,,40,flip,6h,Seahawks Cardinals 11/8,yes
https://seatgeek.com/seattle-seahawks-tickets/12-7-2026-seattle-washington-lumen-field/nfl/18016685,,40,flip,6h,Seahawks Cowboys 12/7,yes
https://seatgeek.com/seattle-seahawks-tickets/12-13-2026-seattle-washington-lumen-field/nfl/18016693,,40,flip,6h,Seahawks Giants 12/13,yes
https://seatgeek.com/seattle-seahawks-tickets/12-25-2026-seattle-washington-lumen-field/nfl/18016679,,40,flip,6h,Seahawks Rams 12/25,yes
https://seatgeek.com/washington-commanders-tickets/9-27-2026-landover-maryland-northwest-stadium/nfl/18142260,,40,flip,6h,Commanders Seahawks 9/27,yes
https://seatgeek.com/washington-commanders-tickets/10-11-2026-landover-maryland-northwest-stadium/nfl/18142258,,40,flip,6h,Commanders Giants 10/11,yes
https://seatgeek.com/washington-commanders-tickets/11-1-2026-landover-maryland-northwest-stadium/nfl/18142257,,40,flip,6h,Commanders Eagles 11/1,yes
https://seatgeek.com/washington-commanders-tickets/11-8-2026-landover-maryland-northwest-stadium/nfl/18142261,,40,flip,6h,Commanders Rams 11/8,yes
https://seatgeek.com/washington-commanders-tickets/11-23-2026-landover-maryland-northwest-stadium/nfl/18142264,,40,flip,6h,Commanders Bengals 11/23,yes
https://seatgeek.com/washington-commanders-tickets/12-13-2026-landover-maryland-northwest-stadium/nfl/18142265,,40,flip,6h,Commanders Texans 12/13,yes
https://seatgeek.com/washington-commanders-tickets/12-20-2026-landover-maryland-northwest-stadium/nfl/18142263,,40,flip,6h,Commanders Falcons 12/20,yes
https://seatgeek.com/washington-commanders-tickets/1-10-2027-landover-maryland-northwest-stadium/nfl/18142259,,40,flip,6h,Commanders Cowboys 1/10,yes
https://seatgeek.com/washington-commanders-tickets/1-1-2032-landover-maryland-northwest-stadium/nfl/17438169,,40,flip,6h,Commanders Deposit 1/1,yes
https://seatgeek.com/washington-commanders-tickets/1-1-2032-landover-maryland-northwest-stadium/nfl/17460175,,40,flip,6h,Commanders Deposit 1/1,yes
https://seatgeek.com/new-england-patriots-tickets/9-20-2026-foxborough-massachusetts-gillette-stadium/nfl/18013970,,40,flip,6h,Patriots Steelers 9/20,yes
https://seatgeek.com/new-england-patriots-tickets/10-11-2026-foxborough-massachusetts-gillette-stadium/nfl/18013966,,40,flip,6h,Patriots Raiders 10/11,yes
https://seatgeek.com/new-england-patriots-tickets/10-18-2026-foxborough-massachusetts-gillette-stadium/nfl/18013960,,40,flip,6h,Patriots Jets 10/18,yes
https://seatgeek.com/new-england-patriots-tickets/11-8-2026-foxborough-massachusetts-gillette-stadium/nfl/18013964,,40,flip,6h,Patriots Packers 11/8,yes
https://seatgeek.com/new-england-patriots-tickets/12-6-2026-foxborough-massachusetts-gillette-stadium/nfl/18013956,,40,flip,6h,Patriots Bills 12/6,yes
https://seatgeek.com/new-england-patriots-tickets/12-10-2026-foxborough-massachusetts-gillette-stadium/nfl/18013968,,40,flip,6h,Patriots Vikings 12/10,yes
https://seatgeek.com/new-england-patriots-tickets/1-3-2027-foxborough-massachusetts-gillette-stadium/nfl/18013962,,40,flip,6h,Patriots Broncos 1/3,yes
https://seatgeek.com/new-england-patriots-tickets/1-10-2027-foxborough-massachusetts-gillette-stadium/nfl/18013958,,40,flip,6h,Patriots Dolphins 1/10,yes
https://seatgeek.com/noah-kahan-tickets/cincinnati-ohio-great-american-ball-park-2026-07-01-6-30-pm/concert/18046666,,40,flip,auto,Noah Kahan Cincinnati 7/1,yes
https://seatgeek.com/noah-kahan-tickets/pittsburgh-pennsylvania-pnc-park-2026-07-03-6-30-pm/concert/18046667,,40,flip,auto,Noah Kahan Pittsburgh 7/3,yes
https://seatgeek.com/noah-kahan-tickets/boston-massachusetts-fenway-park-2026-07-07-6-30-pm/concert/18070759,,40,flip,auto,Noah Kahan Boston 7/7,yes
https://seatgeek.com/noah-kahan-tickets/boston-massachusetts-fenway-park-2026-07-08-6-30-pm/concert/18065520,,40,flip,auto,Noah Kahan Boston 7/8,yes
https://seatgeek.com/noah-kahan-tickets/boston-massachusetts-fenway-park-2026-07-10-6-30-pm/concert/18046697,,40,flip,auto,Noah Kahan Boston 7/10,yes
https://seatgeek.com/noah-kahan-tickets/boston-massachusetts-fenway-park-2026-07-11-6-30-pm/concert/18046699,,40,flip,auto,Noah Kahan Boston 7/11,yes
https://seatgeek.com/noah-kahan-tickets/chicago-illinois-wrigley-field-2026-07-14-6-30-pm/concert/18046700,,40,flip,auto,Noah Kahan Chicago 7/14,yes
https://seatgeek.com/noah-kahan-tickets/chicago-illinois-wrigley-field-2026-07-15-6-30-pm/concert/18065720,,40,flip,auto,Noah Kahan Chicago 7/15,yes
https://seatgeek.com/noah-kahan-tickets/flushing-new-york-citi-field-2026-07-18-6-30-pm/concert/18046669,,40,flip,auto,Noah Kahan Flushing 7/18,yes
https://seatgeek.com/noah-kahan-tickets/flushing-new-york-citi-field-2026-07-19-6-30-pm/concert/18065521,,40,flip,auto,Noah Kahan Flushing 7/19,yes
https://seatgeek.com/noah-kahan-tickets/washington-district-of-columbia-nationals-park-2026-07-22-6-30-pm/concert/18046670,,40,flip,auto,Noah Kahan Washington 7/22,yes
https://seatgeek.com/noah-kahan-tickets/raleigh-north-carolina-carter-finley-stadium-2026-07-25-6-30-pm/concert/18046677,,40,flip,auto,Noah Kahan Raleigh 7/25,yes
https://seatgeek.com/noah-kahan-tickets/atlanta-georgia-truist-park-2026-07-27-6-30-pm/concert/18046679,,40,flip,auto,Noah Kahan Atlanta 7/27,yes
https://seatgeek.com/noah-kahan-tickets/arlington-texas-globe-life-field-2026-07-30-6-30-pm/concert/18046678,,40,flip,auto,Noah Kahan Arlington 7/30,yes
https://seatgeek.com/noah-kahan-tickets/st-louis-missouri-busch-stadium-2026-08-02-6-30-pm/concert/18046681,,40,flip,auto,Noah Kahan St. Louis 8/2,yes
https://seatgeek.com/noah-kahan-tickets/minneapolis-minnesota-target-field-2026-08-05-6-30-pm/concert/18046685,,40,flip,auto,Noah Kahan Minneapolis 8/5,yes
https://seatgeek.com/noah-kahan-tickets/denver-colorado-coors-field-2026-08-08-6-30-pm/concert/18046704,,40,flip,auto,Noah Kahan Denver 8/8,yes
https://seatgeek.com/noah-kahan-tickets/denver-colorado-coors-field-2026-08-09-6-30-pm/concert/18066156,,40,flip,auto,Noah Kahan Denver 8/9,yes
https://seatgeek.com/noah-kahan-tickets/pasadena-california-rose-bowl-stadium-2026-08-15-6-30-pm/concert/18046686,,40,flip,auto,Noah Kahan Pasadena 8/15,yes
https://seatgeek.com/noah-kahan-tickets/san-diego-california-petco-park-2026-08-17-6-30-pm/concert/18046706,,40,flip,auto,Noah Kahan San Diego 8/17,yes
https://seatgeek.com/noah-kahan-tickets/phoenix-arizona-chase-field-2026-08-19-6-30-pm/concert/18046689,,40,flip,auto,Noah Kahan Phoenix 8/19,yes
https://seatgeek.com/noah-kahan-tickets/san-francisco-california-oracle-park-2026-08-21-6-30-pm/concert/18046690,,40,flip,auto,Noah Kahan San Francisco 8/21,yes
https://seatgeek.com/noah-kahan-tickets/seattle-washington-t-mobile-park-2026-08-30-6-30-pm/concert/18046691,,40,flip,auto,Noah Kahan Seattle 8/30,yes
https://seatgeek.com/noah-kahan-tickets/seattle-washington-t-mobile-park-2026-08-31-6-30-pm/concert/18070756,,40,flip,auto,Noah Kahan Seattle 8/31,yes
https://seatgeek.com/morgan-wallen-tickets/baltimore-maryland-m-t-bank-stadium-2026-07-18-5-30-pm/concert/17872176,,40,flip,auto,Ella Langley Baltimore 7/18,yes
https://seatgeek.com/morgan-wallen-tickets/philadelphia-pennsylvania-lincoln-financial-field-2026-08-01-5-30-pm/concert/17873143,,40,flip,auto,Ella Langley Philadelphia 8/1,yes
https://seatgeek.com/ella-langley-tickets/austin-texas-moody-center-atx-2026-08-13-7-pm/concert/18046801,,40,flip,auto,Ella Langley Austin 8/13,yes
https://seatgeek.com/ella-langley-tickets/fort-worth-texas-dickies-arena-2026-08-15-7-pm/concert/18046804,,40,flip,auto,Ella Langley Fort Worth 8/15,yes
https://seatgeek.com/ella-langley-tickets/newark-new-jersey-prudential-center-2026-09-10-7-pm/concert/18324381,,40,flip,auto,Ella Langley Newark 9/10,yes
https://seatgeek.com/ella-langley-tickets/columbus-ohio-value-city-arena-at-schottenstein-center-2026-09-25-7-pm/concert/18324397,,40,flip,auto,Ella Langley Columbus 9/25,yes
https://seatgeek.com/ella-langley-tickets/morrison-colorado-red-rocks-amphitheatre-2026-10-07-7-pm/concert/18324400,,40,flip,auto,Ella Langley Morrison 10/7,yes
https://seatgeek.com/ella-langley-tickets/los-angeles-california-the-greek-theatre-los-angeles-2026-10-13-7-10-pm/concert/18324406,,40,flip,auto,Ella Langley Los Angeles 10/13,yes
https://seatgeek.com/ella-langley-tickets/los-angeles-california-the-greek-theatre-los-angeles-2026-10-14-7-10-pm/concert/18324409,,40,flip,auto,Ella Langley Los Angeles 10/14,yes
https://seatgeek.com/redwest-music-festival-tickets/salt-lake-city-utah-utah-state-fairpark-2026-10-16-3-30-am/music-festival/18177194,,40,flip,auto,Ella Langley Salt Lake City 10/16,yes
https://seatgeek.com/redwest-music-festival-tickets/salt-lake-city-utah-utah-state-fairpark-2026-10-16-3-30-am/music-festival/18177195,,40,flip,auto,Ella Langley Salt Lake City 10/16,yes
https://seatgeek.com/the-r-and-b-tour-tickets/minneapolis-minnesota-u-s-bank-stadium-2026-06-30-7-pm/concert/18176751,,40,flip,auto,Usher Minneapolis 6/30,yes
https://seatgeek.com/the-r-and-b-tour-tickets/detroit-michigan-ford-field-2026-07-02-7-pm/concert/18176755,,40,flip,auto,Usher Detroit 7/2,yes
https://seatgeek.com/the-r-and-b-tour-tickets/detroit-michigan-ford-field-2026-07-03-7-pm/concert/18176809,,40,flip,auto,Usher Detroit 7/3,yes
https://seatgeek.com/the-r-and-b-tour-tickets/detroit-michigan-ford-field-2026-07-05-7-pm/concert/18198913,,40,flip,auto,Usher Detroit 7/5,yes
https://seatgeek.com/the-r-and-b-tour-tickets/cleveland-ohio-huntington-bank-field-2026-07-07-7-pm/concert/18176753,,40,flip,auto,Usher Cleveland 7/7,yes
https://seatgeek.com/the-r-and-b-tour-tickets/landover-maryland-northwest-stadium-2026-07-10-7-pm/concert/18137989,,40,flip,auto,Usher Landover 7/10,yes
https://seatgeek.com/the-r-and-b-tour-tickets/landover-maryland-northwest-stadium-2026-07-11-7-pm/concert/18140538,,40,flip,auto,Usher Landover 7/11,yes
https://seatgeek.com/the-r-and-b-tour-tickets/landover-maryland-northwest-stadium-2026-07-13-7-pm/concert/18140566,,40,flip,auto,Usher Landover 7/13,yes
https://seatgeek.com/the-r-and-b-tour-tickets/charlotte-north-carolina-bank-of-america-stadium-2026-07-17-7-pm/concert/18176756,,40,flip,auto,Usher Charlotte 7/17,yes
https://seatgeek.com/the-r-and-b-tour-tickets/charlotte-north-carolina-bank-of-america-stadium-2026-07-18-7-pm/concert/18196591,,40,flip,auto,Usher Charlotte 7/18,yes
https://seatgeek.com/the-r-and-b-tour-tickets/st-louis-missouri-the-dome-at-america-s-center-2026-07-21-7-pm/concert/18176752,,40,flip,auto,Usher St. Louis 7/21,yes
https://seatgeek.com/the-r-and-b-tour-tickets/nashville-tennessee-nissan-stadium-2026-07-25-7-pm/concert/18138494,,40,flip,auto,Usher Nashville 7/25,yes
https://seatgeek.com/the-r-and-b-tour-tickets/east-rutherford-new-jersey-metlife-stadium-2026-08-07-7-pm/concert/18176765,,40,flip,auto,Usher East Rutherford 8/7,yes
https://seatgeek.com/the-r-and-b-tour-tickets/east-rutherford-new-jersey-metlife-stadium-2026-08-08-7-pm/concert/18176795,,40,flip,auto,Usher East Rutherford 8/8,yes
https://seatgeek.com/the-r-and-b-tour-tickets/foxborough-massachusetts-gillette-stadium-2026-08-17-7-pm/concert/18176769,,40,flip,auto,Usher Foxborough 8/17,yes
https://seatgeek.com/the-r-and-b-tour-tickets/chicago-illinois-soldier-field-2026-08-21-7-pm/concert/18176772,,40,flip,auto,Usher Chicago 8/21,yes
https://seatgeek.com/the-r-and-b-tour-tickets/chicago-illinois-soldier-field-2026-08-22-7-pm/concert/18196561,,40,flip,auto,Usher Chicago 8/22,yes
https://seatgeek.com/the-r-and-b-tour-tickets/santa-clara-california-levi-s-stadium-2026-08-28-7-pm/concert/18176775,,40,flip,auto,Usher Santa Clara 8/28,yes
https://seatgeek.com/the-r-and-b-tour-tickets/santa-clara-california-levi-s-stadium-2026-08-29-7-pm/concert/18196563,,40,flip,auto,Usher Santa Clara 8/29,yes
https://seatgeek.com/the-r-and-b-tour-tickets/santa-clara-california-levi-s-stadium-2026-09-01-7-pm/concert/18199430,,40,flip,auto,Usher Santa Clara 9/1,yes
https://seatgeek.com/the-r-and-b-tour-tickets/las-vegas-nevada-allegiant-stadium-2026-09-05-7-pm/concert/18176776,,40,flip,auto,Usher Las Vegas 9/5,yes
https://seatgeek.com/the-r-and-b-tour-tickets/las-vegas-nevada-allegiant-stadium-2026-09-06-7-pm/concert/18176799,,40,flip,auto,Usher Las Vegas 9/6,yes
https://seatgeek.com/the-r-and-b-tour-tickets/arlington-texas-at-t-stadium-2026-09-10-7-pm/concert/18108007,,40,flip,auto,Usher Arlington 9/10,yes
https://seatgeek.com/the-r-and-b-tour-tickets/arlington-texas-at-t-stadium-2026-09-12-7-pm/concert/18187055,,40,flip,auto,Usher Arlington 9/12,yes
https://seatgeek.com/the-r-and-b-tour-tickets/arlington-texas-at-t-stadium-2026-09-13-7-pm/concert/18187057,,40,flip,auto,Usher Arlington 9/13,yes
https://seatgeek.com/the-r-and-b-tour-tickets/las-vegas-nevada-allegiant-stadium-2026-09-18-7-pm/concert/18199543,,40,flip,auto,Usher Las Vegas 9/18,yes
https://seatgeek.com/the-r-and-b-tour-tickets/inglewood-california-sofi-stadium-2026-09-25-7-pm/concert/18176778,,40,flip,auto,Usher Inglewood 9/25,yes
https://seatgeek.com/the-r-and-b-tour-tickets/inglewood-california-sofi-stadium-2026-09-26-7-pm/concert/18176800,,40,flip,auto,Usher Inglewood 9/26,yes
https://seatgeek.com/the-r-and-b-tour-tickets/glendale-arizona-state-farm-stadium-2026-09-29-7-pm/concert/18138670,,40,flip,auto,Usher Glendale 9/29,yes
https://seatgeek.com/the-r-and-b-tour-tickets/houston-texas-nrg-stadium-2026-10-09-7-pm/concert/18176784,,40,flip,auto,Usher Houston 10/9,yes
https://seatgeek.com/the-r-and-b-tour-tickets/houston-texas-nrg-stadium-2026-10-10-7-pm/concert/18196565,,40,flip,auto,Usher Houston 10/10,yes
https://seatgeek.com/the-r-and-b-tour-tickets/atlanta-georgia-mercedes-benz-stadium-2026-11-07-7-pm/concert/18176792,,40,flip,auto,Usher Atlanta 11/7,yes
https://seatgeek.com/the-r-and-b-tour-tickets/atlanta-georgia-mercedes-benz-stadium-2026-11-08-7-pm/concert/18176802,,40,flip,auto,Usher Atlanta 11/8,yes
https://seatgeek.com/the-r-and-b-tour-tickets/atlanta-georgia-mercedes-benz-stadium-2026-11-10-7-pm/concert/18196567,,40,flip,auto,Usher Atlanta 11/10,yes
https://seatgeek.com/the-r-and-b-tour-tickets/atlanta-georgia-mercedes-benz-stadium-2026-11-11-7-pm/concert/18199504,,40,flip,auto,Usher Atlanta 11/11,yes
https://seatgeek.com/the-r-and-b-tour-tickets/inglewood-california-sofi-stadium-2026-11-15-7-pm/concert/18196569,,40,flip,auto,Usher Inglewood 11/15,yes
https://seatgeek.com/the-r-and-b-tour-tickets/new-orleans-louisiana-caesars-superdome-2026-11-20-7-pm/concert/18176787,,40,flip,auto,Usher New Orleans 11/20,yes
https://seatgeek.com/the-r-and-b-tour-tickets/new-orleans-louisiana-caesars-superdome-2026-11-21-7-pm/concert/18198146,,40,flip,auto,Usher New Orleans 11/21,yes
https://seatgeek.com/the-r-and-b-tour-tickets/houston-texas-nrg-stadium-2026-11-24-7-pm/concert/18199869,,40,flip,auto,Usher Houston 11/24,yes
https://seatgeek.com/the-r-and-b-tour-tickets/miami-gardens-florida-hard-rock-stadium-2026-12-03-7-pm/concert/18176791,,40,flip,auto,Usher Miami Gardens 12/3,yes
https://seatgeek.com/the-r-and-b-tour-tickets/miami-gardens-florida-hard-rock-stadium-2026-12-05-7-pm/concert/18198148,,40,flip,auto,Usher Miami Gardens 12/5,yes
https://seatgeek.com/the-r-and-b-tour-tickets/tampa-florida-raymond-james-stadium-2026-12-11-7-pm/concert/18176788,,40,flip,auto,Usher Tampa 12/11,yes
https://seatgeek.com/the-r-and-b-tour-tickets/tampa-florida-raymond-james-stadium-2026-12-12-7-pm/concert/18196571,,40,flip,auto,Usher Tampa 12/12,yes
https://seatgeek.com/rush-tickets/fort-worth-texas-dickies-arena-2026-06-30-7-30-pm/concert/17807547,,40,flip,auto,Rush Fort Worth 6/30,yes
https://seatgeek.com/rush-tickets/fort-worth-texas-dickies-arena-2026-07-02-7-30-pm/concert/17802475,,40,flip,auto,Rush Fort Worth 7/2,yes
https://seatgeek.com/rush-tickets/new-york-new-york-madison-square-garden-2026-07-28-7-30-pm/concert/17802489,,40,flip,auto,Rush New York 7/28,yes
https://seatgeek.com/rush-tickets/new-york-new-york-madison-square-garden-2026-07-30-7-30-pm/concert/17802491,,40,flip,auto,Rush New York 7/30,yes
https://seatgeek.com/rush-tickets/new-york-new-york-madison-square-garden-2026-08-01-7-30-pm/concert/17807559,,40,flip,auto,Rush New York 8/1,yes
https://seatgeek.com/rush-tickets/new-york-new-york-madison-square-garden-2026-08-03-7-30-pm/concert/17807560,,40,flip,auto,Rush New York 8/3,yes
https://seatgeek.com/rush-tickets/philadelphia-pennsylvania-xfinity-mobile-arena-2026-08-21-7-30-pm/concert/17846227,,40,flip,auto,Rush Philadelphia 8/21,yes
https://seatgeek.com/rush-tickets/philadelphia-pennsylvania-xfinity-mobile-arena-2026-08-23-7-30-pm/concert/17853724,,40,flip,auto,Rush Philadelphia 8/23,yes
https://seatgeek.com/rush-tickets/detroit-michigan-little-caesars-arena-2026-08-26-7-30-pm/concert/17846229,,40,flip,auto,Rush Detroit 8/26,yes
https://seatgeek.com/rush-tickets/detroit-michigan-little-caesars-arena-2026-08-28-7-30-pm/concert/17853725,,40,flip,auto,Rush Detroit 8/28,yes
https://seatgeek.com/rush-tickets/boston-massachusetts-td-garden-2026-09-12-7-30-pm/concert/17846231,,40,flip,auto,Rush Boston 9/12,yes
https://seatgeek.com/rush-tickets/boston-massachusetts-td-garden-2026-09-14-7-30-pm/concert/17853726,,40,flip,auto,Rush Boston 9/14,yes
https://seatgeek.com/rush-tickets/cleveland-ohio-rocket-arena-2026-09-17-7-30-pm/concert/17779004,,40,flip,auto,Rush Cleveland 9/17,yes
https://seatgeek.com/rush-tickets/cleveland-ohio-rocket-arena-2026-09-19-7-30-pm/concert/17806088,,40,flip,auto,Rush Cleveland 9/19,yes
https://seatgeek.com/rush-tickets/denver-colorado-ball-arena-2026-10-05-7-30-pm/concert/17846235,,40,flip,auto,Rush Denver 10/5,yes
https://seatgeek.com/rush-tickets/denver-colorado-ball-arena-2026-10-07-7-30-pm/concert/17853727,,40,flip,auto,Rush Denver 10/7,yes
https://seatgeek.com/rush-tickets/seattle-washington-climate-pledge-arena-2026-10-10-7-30-pm/concert/17846237,,40,flip,auto,Rush Seattle 10/10,yes
https://seatgeek.com/rush-tickets/seattle-washington-climate-pledge-arena-2026-10-12-7-30-pm/concert/17853736,,40,flip,auto,Rush Seattle 10/12,yes
https://seatgeek.com/rush-tickets/san-jose-california-sap-center-at-san-jose-2026-10-15-7-30-pm/concert/17846239,,40,flip,auto,Rush San Jose 10/15,yes
https://seatgeek.com/rush-tickets/san-jose-california-sap-center-at-san-jose-2026-10-17-7-30-pm/concert/17853737,,40,flip,auto,Rush San Jose 10/17,yes
https://seatgeek.com/rush-tickets/washington-district-of-columbia-capital-one-arena-2026-10-25-7-30-pm/concert/17846241,,40,flip,auto,Rush Washington 10/25,yes
https://seatgeek.com/rush-tickets/washington-district-of-columbia-capital-one-arena-2026-10-27-7-30-pm/concert/17853738,,40,flip,auto,Rush Washington 10/27,yes
https://seatgeek.com/rush-tickets/tampa-florida-benchmark-international-arena-2026-11-09-7-30-pm/concert/17846253,,40,flip,auto,Rush Tampa 11/9,yes
https://seatgeek.com/rush-tickets/tampa-florida-benchmark-international-arena-2026-11-11-7-30-pm/concert/17853743,,40,flip,auto,Rush Tampa 11/11,yes
https://seatgeek.com/rush-tickets/charlotte-north-carolina-spectrum-center-charlotte-2026-11-20-7-30-pm/concert/17846259,,40,flip,auto,Rush Charlotte 11/20,yes
https://seatgeek.com/rush-tickets/charlotte-north-carolina-spectrum-center-charlotte-2026-11-22-7-30-pm/concert/17853748,,40,flip,auto,Rush Charlotte 11/22,yes
https://seatgeek.com/rush-tickets/atlanta-georgia-state-farm-arena-1-2026-11-25-7-30-pm/concert/17846261,,40,flip,auto,Rush Atlanta 11/25,yes
https://seatgeek.com/rush-tickets/atlanta-georgia-state-farm-arena-1-2026-11-27-7-30-pm/concert/17853752,,40,flip,auto,Rush Atlanta 11/27,yes
https://seatgeek.com/rush-tickets/glendale-arizona-desert-diamond-arena-2026-12-01-7-30-pm/concert/17846263,,40,flip,auto,Rush Glendale 12/1,yes
https://seatgeek.com/rush-tickets/glendale-arizona-desert-diamond-arena-2026-12-03-7-30-pm/concert/17853749,,40,flip,auto,Rush Glendale 12/3,yes
https://seatgeek.com/olivia-rodrigo-tickets/pittsburgh-pennsylvania-ppg-paints-arena-2026-09-29-7-pm/concert/18211667,,40,flip,auto,Olivia Rodrigo Pittsburgh 9/29,yes
https://seatgeek.com/olivia-rodrigo-tickets/pittsburgh-pennsylvania-ppg-paints-arena-2026-09-30-7-pm/concert/18211669,,40,flip,auto,Olivia Rodrigo Pittsburgh 9/30,yes
https://seatgeek.com/olivia-rodrigo-tickets/washington-district-of-columbia-capital-one-arena-2026-10-03-7-pm/concert/18211668,,40,flip,auto,Olivia Rodrigo Washington 10/3,yes
https://seatgeek.com/olivia-rodrigo-tickets/washington-district-of-columbia-capital-one-arena-2026-10-04-7-pm/concert/18211670,,40,flip,auto,Olivia Rodrigo Washington 10/4,yes
https://seatgeek.com/olivia-rodrigo-tickets/charlotte-north-carolina-spectrum-center-charlotte-2026-10-07-7-pm/concert/18211674,,40,flip,auto,Olivia Rodrigo Charlotte 10/7,yes
https://seatgeek.com/olivia-rodrigo-tickets/charlotte-north-carolina-spectrum-center-charlotte-2026-10-08-7-pm/concert/18211678,,40,flip,auto,Olivia Rodrigo Charlotte 10/8,yes
https://seatgeek.com/olivia-rodrigo-tickets/boston-massachusetts-td-garden-2026-10-15-7-pm/concert/18211681,,40,flip,auto,Olivia Rodrigo Boston 10/15,yes
https://seatgeek.com/olivia-rodrigo-tickets/boston-massachusetts-td-garden-2026-10-17-7-pm/concert/18211686,,40,flip,auto,Olivia Rodrigo Boston 10/17,yes
https://seatgeek.com/olivia-rodrigo-tickets/boston-massachusetts-td-garden-2026-10-18-7-pm/concert/18224681,,40,flip,auto,Olivia Rodrigo Boston 10/18,yes
https://seatgeek.com/olivia-rodrigo-tickets/columbus-ohio-value-city-arena-at-schottenstein-center-2026-10-29-7-pm/concert/18211687,,40,flip,auto,Olivia Rodrigo Columbus 10/29,yes
https://seatgeek.com/olivia-rodrigo-tickets/columbus-ohio-value-city-arena-at-schottenstein-center-2026-10-30-7-pm/concert/18211689,,40,flip,auto,Olivia Rodrigo Columbus 10/30,yes
https://seatgeek.com/olivia-rodrigo-tickets/philadelphia-pennsylvania-xfinity-mobile-arena-2026-11-07-7-pm/concert/18211690,,40,flip,auto,Olivia Rodrigo Philadelphia 11/7,yes
https://seatgeek.com/olivia-rodrigo-tickets/philadelphia-pennsylvania-xfinity-mobile-arena-2026-11-08-7-pm/concert/18211692,,40,flip,auto,Olivia Rodrigo Philadelphia 11/8,yes
https://seatgeek.com/olivia-rodrigo-tickets/atlanta-georgia-state-farm-arena-1-2026-11-11-7-pm/concert/18211693,,40,flip,auto,Olivia Rodrigo Atlanta 11/11,yes
https://seatgeek.com/olivia-rodrigo-tickets/atlanta-georgia-state-farm-arena-1-2026-11-12-7-pm/concert/18211698,,40,flip,auto,Olivia Rodrigo Atlanta 11/12,yes
https://seatgeek.com/olivia-rodrigo-tickets/orlando-florida-kia-center-2026-11-15-7-pm/concert/18211699,,40,flip,auto,Olivia Rodrigo Orlando 11/15,yes
https://seatgeek.com/olivia-rodrigo-tickets/orlando-florida-kia-center-2026-11-16-7-pm/concert/18211700,,40,flip,auto,Olivia Rodrigo Orlando 11/16,yes
https://seatgeek.com/olivia-rodrigo-tickets/sunrise-florida-amerant-bank-arena-2026-11-19-7-pm/concert/18208621,,40,flip,auto,Olivia Rodrigo Sunrise 11/19,yes
https://seatgeek.com/olivia-rodrigo-tickets/sunrise-florida-amerant-bank-arena-2026-11-20-7-pm/concert/18208620,,40,flip,auto,Olivia Rodrigo Sunrise 11/20,yes
https://seatgeek.com/olivia-rodrigo-tickets/nashville-tennessee-bridgestone-arena-2026-11-23-7-pm/concert/18211703,,40,flip,auto,Olivia Rodrigo Nashville 11/23,yes
https://seatgeek.com/olivia-rodrigo-tickets/nashville-tennessee-bridgestone-arena-2026-11-24-7-pm/concert/18211705,,40,flip,auto,Olivia Rodrigo Nashville 11/24,yes
https://seatgeek.com/olivia-rodrigo-tickets/seattle-washington-climate-pledge-arena-2026-12-07-7-pm/concert/18211710,,40,flip,auto,Olivia Rodrigo Seattle 12/7,yes
https://seatgeek.com/olivia-rodrigo-tickets/seattle-washington-climate-pledge-arena-2026-12-08-7-pm/concert/18211711,,40,flip,auto,Olivia Rodrigo Seattle 12/8,yes
https://seatgeek.com/olivia-rodrigo-tickets/oakland-california-oakland-arena-2026-12-11-7-pm/concert/18211712,,40,flip,auto,Olivia Rodrigo Oakland 12/11,yes
https://seatgeek.com/olivia-rodrigo-tickets/oakland-california-oakland-arena-2026-12-12-7-pm/concert/18211714,,40,flip,auto,Olivia Rodrigo Oakland 12/12,yes
https://seatgeek.com/olivia-rodrigo-tickets/sacramento-california-golden-1-center-2026-12-15-7-pm/concert/18211717,,40,flip,auto,Olivia Rodrigo Sacramento 12/15,yes
https://seatgeek.com/olivia-rodrigo-tickets/sacramento-california-golden-1-center-2026-12-16-7-pm/concert/18211719,,40,flip,auto,Olivia Rodrigo Sacramento 12/16,yes
https://seatgeek.com/olivia-rodrigo-tickets/las-vegas-nevada-t-mobile-arena-2026-12-19-7-pm/concert/18211722,,40,flip,auto,Olivia Rodrigo Las Vegas 12/19,yes
https://seatgeek.com/olivia-rodrigo-tickets/las-vegas-nevada-t-mobile-arena-2026-12-20-7-pm/concert/18211723,,40,flip,auto,Olivia Rodrigo Las Vegas 12/20,yes
https://seatgeek.com/olivia-rodrigo-tickets/inglewood-california-intuit-dome-2027-01-12-7-pm/concert/18211724,,40,flip,auto,Olivia Rodrigo Inglewood 1/12,yes
https://seatgeek.com/olivia-rodrigo-tickets/inglewood-california-intuit-dome-2027-01-13-7-pm/concert/18211726,,40,flip,auto,Olivia Rodrigo Inglewood 1/13,yes
https://seatgeek.com/olivia-rodrigo-tickets/inglewood-california-intuit-dome-2027-01-16-7-pm/concert/18214730,,40,flip,auto,Olivia Rodrigo Inglewood 1/16,yes
https://seatgeek.com/olivia-rodrigo-tickets/inglewood-california-intuit-dome-2027-01-17-7-pm/concert/18211731,,40,flip,auto,Olivia Rodrigo Inglewood 1/17,yes
https://seatgeek.com/olivia-rodrigo-tickets/inglewood-california-intuit-dome-2027-01-20-7-pm/concert/18224991,,40,flip,auto,Olivia Rodrigo Inglewood 1/20,yes
https://seatgeek.com/olivia-rodrigo-tickets/inglewood-california-intuit-dome-2027-01-21-7-pm/concert/18224990,,40,flip,auto,Olivia Rodrigo Inglewood 1/21,yes
https://seatgeek.com/olivia-rodrigo-tickets/inglewood-california-intuit-dome-2027-01-24-7-pm/concert/18225825,,40,flip,auto,Olivia Rodrigo Inglewood 1/24,yes
https://seatgeek.com/olivia-rodrigo-tickets/inglewood-california-intuit-dome-2027-01-25-7-pm/concert/18227093,,40,flip,auto,Olivia Rodrigo Inglewood 1/25,yes
https://seatgeek.com/olivia-rodrigo-tickets/inglewood-california-intuit-dome-2027-01-28-7-pm/concert/18230500,,40,flip,auto,Olivia Rodrigo Inglewood 1/28,yes
https://seatgeek.com/olivia-rodrigo-tickets/inglewood-california-intuit-dome-2027-01-29-7-pm/concert/18230501,,40,flip,auto,Olivia Rodrigo Inglewood 1/29,yes
https://seatgeek.com/olivia-rodrigo-tickets/brooklyn-new-york-barclays-center-2027-02-11-7-pm/concert/18211656,,40,flip,auto,Olivia Rodrigo Brooklyn 2/11,yes
https://seatgeek.com/olivia-rodrigo-tickets/brooklyn-new-york-barclays-center-2027-02-12-7-pm/concert/18211659,,40,flip,auto,Olivia Rodrigo Brooklyn 2/12,yes
https://seatgeek.com/olivia-rodrigo-tickets/brooklyn-new-york-barclays-center-2027-02-15-7-pm/concert/18211660,,40,flip,auto,Olivia Rodrigo Brooklyn 2/15,yes
https://seatgeek.com/olivia-rodrigo-tickets/brooklyn-new-york-barclays-center-2027-02-16-7-pm/concert/18211657,,40,flip,auto,Olivia Rodrigo Brooklyn 2/16,yes
https://seatgeek.com/olivia-rodrigo-tickets/brooklyn-new-york-barclays-center-2027-02-19-7-pm/concert/18224685,,40,flip,auto,Olivia Rodrigo Brooklyn 2/19,yes
https://seatgeek.com/olivia-rodrigo-tickets/brooklyn-new-york-barclays-center-2027-02-20-7-pm/concert/18224992,,40,flip,auto,Olivia Rodrigo Brooklyn 2/20,yes
https://seatgeek.com/olivia-rodrigo-tickets/brooklyn-new-york-barclays-center-2027-02-23-7-pm/concert/18226585,,40,flip,auto,Olivia Rodrigo Brooklyn 2/23,yes
https://seatgeek.com/olivia-rodrigo-tickets/brooklyn-new-york-barclays-center-2027-02-24-7-pm/concert/18226587,,40,flip,auto,Olivia Rodrigo Brooklyn 2/24,yes
https://seatgeek.com/olivia-rodrigo-tickets/brooklyn-new-york-barclays-center-2027-02-27-7-pm/concert/18227138,,40,flip,auto,Olivia Rodrigo Brooklyn 2/27,yes
https://seatgeek.com/olivia-rodrigo-tickets/brooklyn-new-york-barclays-center-2027-02-28-7-pm/concert/18229435,,40,flip,auto,Olivia Rodrigo Brooklyn 2/28,yes
